-- Migration Script: р╕вр╣Йр╕▓р╕вр╕Вр╣Йр╕нр╕бр╕╣р╕ер╕Ир╕▓р╕Б JSON р╣Др╕Ы Supabase
-- р╕гр╕▒р╕Щ script р╕Щр╕╡р╣Йр╕лр╕ер╕▒р╕Зр╕Ир╕▓р╕Бр╕кр╕гр╣Йр╕▓р╕З tables р╣Бр╕ер╣Йр╕з

-- 1. Insert Categories
INSERT INTO categories (id, name, display_name, order_index, is_selected) VALUES
('all', 'р╕Чр╕▒р╣Йр╕Зр╕лр╕бр╕Ф', 'ЁЯЫНя╕П р╕Чр╕▒р╣Йр╕Зр╕лр╕бр╕Ф', 0, true),
('readyMeals', 'р╕нр╕▓р╕лр╕▓р╕гр╕кр╕│р╣Ар╕гр╣Зр╕Ир╕гр╕╣р╕Ы', 'ЁЯН▒ р╕нр╕▓р╕лр╕▓р╕гр╕кр╕│р╣Ар╕гр╣Зр╕Ир╕гр╕╣р╕Ы', 1, false),
('ingredients', 'р╕зр╕▒р╕Хр╕Цр╕╕р╕Фр╕┤р╕Ъ', 'ЁЯем р╕зр╕▒р╕Хр╕Цр╕╕р╕Фр╕┤р╕Ъ', 2, false),
('snacks', 'р╕Вр╕Щр╕б', 'ЁЯН┐ р╕Вр╕Щр╕б', 3, false),
('beverages', 'р╣Ар╕Др╕гр╕╖р╣Ир╕нр╕Зр╕Фр╕╖р╣Ир╕б', 'ЁЯед р╣Ар╕Др╕гр╕╖р╣Ир╕нр╕Зр╕Фр╕╖р╣Ир╕б', 4, false),
('seasonings', 'р╣Ар╕Др╕гр╕╖р╣Ир╕нр╕Зр╕Ыр╕гр╕╕р╕Зр╕кр╣Ир╕зр╕Щр╕Ьр╕кр╕б', 'ЁЯзВ р╣Ар╕Др╕гр╕╖р╣Ир╕нр╕Зр╕Ыр╕гр╕╕р╕Зр╕к', 5, false);

-- 2. Insert Products
INSERT INTO products (id, name, image, price, category_id, description, is_favorite) VALUES
('1', 'р╕бр╕▓р╕бр╣Ир╕▓р╕Ир╕╡р╕Щр╕Йр╕Зр╕Кр╕┤р╣Ир╕Зр╣Ар╕кр╕╡р╣Ир╕вр╕зр╣Ар╕бр╕╡р╣Йр╕вр╕Щ', 'assets/images/readyMeals/id1.png', 36.00, 'readyMeals', 'р╕Ър╕░р╕лр╕бр╕╡р╣Ир╕Ир╕╡р╕Щ р╕Йр╕Зр╕Кр╕┤р╣Ир╕Зр╣Ар╕кр╕╡р╣Ир╕вр╕зр╣Ар╕бр╕╡р╣Йр╕вр╕Щ р╕гр╕кр╕лр╕бр╕▓р╕ер╣Ир╕▓ \n р╕нр╕▓р╕вр╕╕р╕Бр╕▓р╕гр╣Ар╕Бр╣Зр╕Ър╕гр╕▒р╕Бр╕йр╕▓ : 10р╣Ар╕Фр╕╖р╕нр╕Щ (р╕Щр╕▒р╕Ър╕Ир╕▓р╕Бр╕зр╕▒р╕Щр╕Ьр╕ер╕┤р╕Х)', false),
('2', 'р╕зр╕╕р╣Йр╕Щр╣Ар╕кр╣Йр╕Щр╕лр╕бр╕▓р╕ер╣Ир╕▓р╕Бр╕╢р╣Ир╕Зр╕кр╕│р╣Ар╕гр╣Зр╕Ир╕гр╕╣р╕Ы', 'assets/images/readyMeals/id2.png', 32.00, 'readyMeals', 'р╕бр╕▓р╕бр╣Ир╕▓р╕Ир╕╡р╕Щ р╕Бр╣Лр╕зр╕вр╣Ар╕Хр╕╡р╣Лр╕вр╕зр╕лр╕бр╣Ир╕▓р╕ер╣Ир╕▓р╕Ир╕╡р╕Щ р╕Чр╕│р╕Зр╣Ир╕▓р╕вр╣Ар╕Хр╕┤р╕бр╕Щр╣Йр╕│р╕гр╣Йр╕нр╕Щ 5 р╕Щр╕▓р╕Чр╕╡ р╕Юр╕гр╣Йр╕нр╕бр╕Чр╕▓р╕Щ р╣Бр╕Ър╕Ър╕Др╕▒р╕Юр╕кр╕│р╕лр╕гр╕▒р╕Ър╕Юр╕Бр╕Юр╕▓ \nр╣Ар╕кр╣Йр╕Щр╕лр╕бр╣Ир╕▓р╕ер╣Ир╕▓р╕Бр╕╢р╣Ир╕Зр╕кр╕│р╣Ар╕гр╣Зр╕Ир╕гр╕╣р╕Ы р╕Юр╕гр╣Йр╕нр╕бр╕кр╣Ир╕З р╕Лр╕зр╕Щр╕ер╣Ир╕▓р╣Ар╕Эр╕┤р╣Ир╕Щ р╕Чр╕▓р╕Щр╕Зр╣Ир╕▓р╕в р╕гр╕кр╕Кр╕▓р╕Хр╕┤р╕Бр╕ер╕бр╕Бр╕ер╣Ир╕нр╕бр╣Ар╕Ыр╕гр╕╡р╣Йр╕вр╕зр╣Ар╕Ьр╣Зр╕Фр╕Кр╕▓р╕Бр╕│р╕ер╕▒р╕Зр╕Фр╕╡ р╣Ар╕кр╣Йр╕Щр╣Ар╕лр╕Щр╕╡р╕вр╕з р╕Щр╕╕р╣Ир╕б р╕лр╕Щр╕╢р╕Ъ р╕нр╕гр╣Ир╕нр╕в р╕кр╕░р╕Фр╕зр╕Б р╕Чр╕▓р╕Щр╣Др╕Фр╣Йр╕Чр╕╕р╕Бр╕Чр╕╡р╣Ир╕Чр╕╕р╕Бр╣Ар╕зр╕ер╕▓ р╣Ар╕Юр╕╡р╕вр╕Зр╣Бр╕Др╣Ир╣Ар╕Хр╕┤р╕бр╕Щр╣Йр╕│р╕гр╣Йр╕нр╕Щр╕Бр╣Зр╕Юр╕гр╣Йр╕нр╕бр╕Чр╕▓р╕Щ', false),
('3', 'р╣Ар╕кр╣Йр╕Щр╕бр╕▒р╕Щр╣Ар╕Чр╕и (чБлщФЕх╖Эч▓Й) р╣Ар╕кр╣Йр╕Щр╕лр╕Щр╕╢р╕Ър╕кр╕╕р╕Бр╕╡р╣Йр╕Ир╕╡р╕Щ', 'assets/images/ingredients/id3.png', 39.00, 'ingredients', 'р╣Ар╕кр╣Йр╕Щр╕бр╕▒р╕Щр╣Ар╕Чр╕и (чБлщФЕх╖Эч▓Йя╝Йр╣Ар╕кр╣Йр╕Щр╣Гр╕лр╕Нр╣Ир╣Гр╕кр╣Ир╕лр╕бр╣Йр╕нр╣Др╕Я 240 р╕Бр╕гр╕▒р╕б р╣Ар╕кр╣Йр╕Щр╕Бр╣Лр╕зр╕вр╣Ар╕Хр╕╡р╣Лр╕вр╕зр╕Ир╕╡р╕Щ р╣Ар╕кр╣Йр╕Щр╣Гр╕лр╕Нр╣И р╕лр╕бр╣Йр╕нр╣Др╕Я р╕лр╕бр╕▓р╕ер╣Ир╕▓ \nр╕Кр╕╖р╣Ир╕нр╕кр╕┤р╕Щр╕Др╣Йр╕▓ :  р╣Ар╕кр╣Йр╕Щр╕бр╕▒р╕Щр╣Ар╕Чр╕и р╕кр╕│р╕лр╕гр╕▒р╕Ър╣Гр╕кр╣Ир╕лр╕бр╣Йр╕нр╣Др╕Яр╕лр╕гр╕╖р╕нр╕кр╕╕р╕Бр╕╡р╣Й р╕кр╣Др╕Хр╕ер╣Мр╕Ир╕╡р╕Щр╣Ж \nр╕Щр╣Йр╕│р╕лр╕Щр╕▒р╕Бр╕гр╕зр╕б : 240р╕Бр╕гр╕▒р╕б \nр╕кр╣Ир╕зр╕Щр╕Ьр╕кр╕б : р╣Бр╕Ыр╣Йр╕Зр╕бр╕▒р╕Щр╣Ар╕Чр╕и,р╣Бр╕Ыр╣Йр╕Зр╕бр╕▒р╕Щр╕кр╣Нр╕▓р╕Ыр╕░р╕лр╕ер╕▒р╕З,р╕Щр╣Йр╕│', false),
('4', 'р╕кр╕▓р╕лр╕гр╣Ир╕▓р╕вр╕зр╕▓р╕Бр╕▓р╣Ар╕бр╕░ р╕кр╕▓р╕лр╕гр╣Ир╕▓р╕вр╣Бр╕лр╣Йр╕З', 'assets/images/snacks/id4.png', 46.00, 'snacks', 'р╕кр╕▓р╕лр╕гр╣Ир╕▓р╕вр╕зр╕▓р╕Бр╕▓р╣Ар╕бр╕░ р╕кр╕▓р╕лр╕гр╣Ир╕▓р╕вр╣Бр╕лр╣Йр╕З р╕Вр╕Щр╕▓р╕Ф 40g р╣Гр╕Кр╣Йр╕Чр╕│р╣Ар╕бр╕Щр╕╣р╕Лр╕╣р╕Ыр╕кр╕▓р╕лр╕гр╣Ир╕▓р╕в р╕Лр╕╣р╕Ыр╕бр╕┤р╣Вр╕Лр╕░х╣▓чЗешгЩх╕╢шПЬ \n р╕зр╕┤р╕Шр╕╡р╕Чр╕│ : р╣Бр╕Кр╣Ир╕кр╕▓р╕лр╕гр╣Ир╕▓р╕в 8-10 р╕Щр╕▓р╕Чр╕╡ р╕лр╕гр╕╖р╕нр╣Гр╕Кр╣Йр╕Щр╣Йр╕│р╕гр╣Йр╕нр╕Щр╣Бр╕Кр╣И 2р╕Щр╕▓р╕Чр╕╡ р╕Ир╕Щр╕кр╕▓р╕лр╕гр╣Ир╕▓р╕вр╕Яр╕нр╕З р╣Бр╕ер╣Йр╕зр╕Щр╕│р╣Др╕Ыр╕Ыр╕гр╕╕р╕Зр╕нр╕▓р╕лр╕▓р╕гр╣Др╕Фр╣Йр╣Ар╕ер╕вр╕Др╣Ир╕░', false),
('5', 'р╕ер╕╣р╕Бр╕нр╕бр╕лр╕Щр╕╢р╕Ъ р╕ер╕╣р╕Бр╕нр╕бр╕Щр╕бр╕зр╕▒р╕зр╕Ьр╕кр╕бр╕Цр╕▒р╣Ир╕з', 'assets/images/snacks/id5.png', 17.00, 'snacks', 'р╕ер╕╣р╕Бр╕нр╕бр╕лр╕Щр╕╢р╕Ъ р╕ер╕╣р╕Бр╕нр╕бр╕Щр╕бр╕зр╕▒р╕зр╕Ьр╕кр╕бр╕Цр╕▒р╣Ир╕з р╣Ар╕лр╕Щр╕╡р╕вр╕зр╕лр╕Щр╕╢р╕Ъ р╕Бр╕ер╕┤р╣Ир╕Щр╕лр╕нр╕бр╕Щр╕бр╕зр╕▒р╕з р╕Вр╕Щр╕бр╕Чр╕│р╕Ир╕▓р╕Бр╕бр╕╖р╕н р╕лр╕нр╕бр╕лр╕зр╕▓р╕Щр╕нр╕гр╣Ир╕нр╕в р╕Хр╣Йр╕нр╕Зр╕Ър╕нр╕Бр╕Хр╣Ир╕н', false),
('6', 'р╕Цр╕▒р╣Ир╕зр╕Ыр╕гр╕╕р╕Зр╕гр╕кр╕лр╕бр╕▓р╕ер╣Ир╕▓', 'assets/images/snacks/id6.png', 66.00, 'snacks', 'р╕Цр╕▒р╣Ир╕зр╕Ыр╕гр╕╕р╕Зр╕гр╕кр╕лр╕бр╕▓р╕ер╣Ир╕▓ р╕Бр╕гр╕нр╕Ър╕бр╕▒р╕Щр╕кр╣М р╣Ар╕Ьр╣Зр╕Фр╕Кр╕▓р╣Ар╕Ър╕▓р╣Ж р╕Юр╕гр╕┤р╕Бр╕лр╕бр╕▓р╕ер╣Ир╕▓р╕кр╕Фр╣Гр╕Щр╕Лр╕нр╕З р╕Чр╕▓р╕Щр╣Ар╕Юр╕ер╕┤р╕Щр╣Ж р╕Вр╕Щр╕▓р╕Ф 70g щ╗ДщгЮч║вщ║╗ш╛гшК▒чФЯ', false),
('7', 'р╕Щр╣Йр╕│р╕Ьр╕ер╣Др╕бр╣Йр╕ер╕╣р╕Бр╣Бр╕Юр╕гр╣Мр╕Щр╣Йр╕│р╕Хр╕▓р╕ер╕Бр╕гр╕зр╕Ф', 'assets/images/beverages/id7.png', 42.00, 'beverages', 'р╕Щр╣Йр╕│р╕Ьр╕ер╣Др╕бр╣Й р╕ер╕╣р╕Бр╣Бр╕Юр╕гр╣Мр╕Щр╣Йр╕│р╕Хр╕▓р╕ер╕Бр╕гр╕зр╕Ф х║╖х╕ИхВЕ хЖ░ч│ЦщЫкцви р╕Вр╕Щр╕▓р╕Ф 500ml р╕Вр╕зр╕Фр╣Ар╕Фр╕╡р╕вр╕зр╕Вр╕нр╕Зр╣Ар╕Др╕гр╕╖р╣Ир╕нр╕Зр╕Фр╕╖р╣Ир╕бр╣Гр╕Щр╕Кр╣Ир╕зр╕Зр╕др╕Фр╕╣р╕гр╣Йр╕нр╕Щ р╕Юр╕гр╣Йр╕нр╕бр╕Фр╕╖р╣Ир╕б', false);

-- 3. Insert Product Variants
INSERT INTO product_variants (id, product_id, name, image, price, description) VALUES
-- Product 1 variants
('1-0', '1', 'р╕гр╕кр╕лр╕бр╕▓р╕ер╣Ир╕▓', 'assets/images/readyMeals/id1-1-0.png', 36.00, 'р╕Йр╕Зр╕Кр╕┤р╣Ир╕Зр╣Ар╕кр╕╡р╣Ир╕вр╕зр╣Ар╕бр╕╡р╣Йр╕вр╕Щ р╕гр╕кр╕лр╕бр╕▓р╕ер╣Ир╕▓'),
('1-1', '1', 'р╕гр╕кр╣Ар╕Щр╕╖р╣Йр╕нр╕зр╕▒р╕з', 'assets/images/readyMeals/id1-1-1.png', 36.00, 'р╕Йр╕Зр╕Кр╕┤р╣Ир╕Зр╣Ар╕кр╕╡р╣Ир╕вр╕зр╣Ар╕бр╕╡р╣Йр╕вр╕Щ р╕гр╕кр╣Ар╕Щр╕╖р╣Йр╕нр╕зр╕▒р╕з р╣Ар╕Фр╣Зр╕Бр╕Чр╕▓р╕Щр╣Др╕Фр╣Й'),

-- Product 3 variants
('3-0', '3', 'р╣Ар╕кр╣Йр╕Щр╕бр╕▒р╕Щр╣Ар╕Чр╕и чБлщНЛх╖Эч▓Й', 'assets/images/ingredients/id3-1-0.png', 39.00, 'р╣Ар╕кр╣Йр╕Щр╕бр╕▒р╕Щр╣Ар╕Чр╕и чБлщНЛх╖Эч▓Й'),
('3-1', '3', 'р╣Ар╕кр╣Йр╕Щр╕бр╕▒р╕Щр╣Ар╕Чр╕ир╕Бр╕ер╕б щ╗Гщ╛Н', 'assets/images/ingredients/id3-1-1.png', 39.00, 'р╣Ар╕кр╣Йр╕Щр╕бр╕▒р╕Щр╣Ар╕Чр╕ир╕Бр╕ер╕б щ╗Гщ╛Н р╕гр╕кр╕лр╕бр╕▓р╕ер╣Ир╕▓'),
('3-2', '3', 'р╕Лр╕╕р╕Ыр╕Бр╣Йр╕нр╕Щр╣Ар╕ер╣Зр╕Б 50g', 'assets/images/ingredients/id3-1-2.png', 24.00, 'р╕Лр╕╕р╕Ыр╕Бр╣Йр╕нр╕Щр╣Ар╕ер╣Зр╕Б 50g р╕гр╕кр╕лр╕бр╕▓р╕ер╣Ир╕▓'),

-- Product 4 variants
('4-0', '4', 'р╕кр╕▓р╕лр╕гр╣Ир╕▓р╕вр╣Бр╕лр╣Йр╕З40g р╣Ар╕Вр╕╡р╕вр╕з', 'assets/images/snacks/id4-1-0.png', 46.00, 'р╕кр╕▓р╕лр╕гр╣Ир╕▓р╕вр╕зр╕▓р╕Бр╕▓р╣Ар╕бр╕░ р╕Лр╕╕р╕Ыр╣Ар╕Бр╕▓р╕лр╕ер╕╡ р╕Лр╕╣р╕Ыр╕кр╕▓р╕лр╕гр╣Ир╕▓р╕в р╕Лр╕╕р╕Ыр╕бр╕┤р╣Вр╕Лр╕░  40g х╣▓чЗешгЩх╕жшПЬ'),
('4-1', '4', 'р╕кр╕▓р╕лр╕гр╣Ир╕▓р╕вр╕Чр╕░р╣Ар╕е40g р╣Бр╕Фр╕З', 'assets/images/snacks/id4-1-1.png', 46.00, 'р╕кр╕▓р╕лр╕гр╣Ир╕▓р╕вр╕зр╕▓р╕Бр╕▓р╣Ар╕бр╕░ р╕Лр╕╕р╕Ыр╣Ар╕Бр╕▓р╕лр╕ер╕╡ р╕Лр╕╣р╕Ыр╕кр╕▓р╕лр╕гр╣Ир╕▓р╕в р╕Лр╕╕р╕Ыр╕бр╕┤р╣Вр╕Лр╕░  40g х╣▓чЗешгЩх╕жшПЬ'),

-- Product 5 variants
('5-0', '5', '2 р╕Кр╕┤р╣Йр╕Щ', 'assets/images/snacks/id5.png', 17.00, 'р╕ер╕╣р╕Бр╕нр╕бр╕лр╕Щр╕╢р╕Ъ р╕Щр╕бр╕зр╕▒р╕з....р╕Чр╕│р╕Ир╕▓р╕Бр╕Щр╕бр╕зр╕▒р╕зр╣Бр╕Чр╣Йр╣Ж\nр╕ер╕╣р╕Бр╕нр╕бр╕лр╕Щр╕╢р╕Ър╕Щр╕бр╕зр╕▒р╕з р╕Ьр╕кр╕▒р╣Ир╕зр╕Цр╕▒р╣Ир╕з р╣Ар╕лр╕Щр╕╡р╕вр╕зр╕лр╕Щр╕╢р╕Ъ р╕Бр╕ер╕┤р╣Ир╕Щр╕лр╕нр╕бр╕Щр╕бр╕зр╕▒р╕з р╕нр╕гр╣Ир╕нр╕в р╕Хр╣Йр╕нр╕Зр╕Ър╕нр╕Бр╕Хр╣Ир╕н..!!!'),
('5-1', '5', '5 р╕Кр╕┤р╣Йр╕Щ', 'assets/images/snacks/id5.png', 31.00, 'р╕ер╕╣р╕Бр╕нр╕бр╕лр╕Щр╕╢р╕Ъ р╕Щр╕бр╕зр╕▒р╕з....р╕Чр╕│р╕Ир╕▓р╕Бр╕Щр╕бр╕зр╕▒р╕зр╣Бр╕Чр╣Йр╣Ж\nр╕ер╕╣р╕Бр╕нр╕бр╕лр╕Щр╕╢р╕Ър╕Щр╕бр╕зр╕▒р╕з р╕Ьр╕кр╕▒р╣Ир╕зр╕Цр╕▒р╣Ир╕з р╣Ар╕лр╕Щр╕╡р╕вр╕зр╕лр╕Щр╕╢р╕Ъ р╕Бр╕ер╕┤р╣Ир╕Щр╕лр╕нр╕бр╕Щр╕бр╕зр╕▒р╕з р╕нр╕гр╣Ир╕нр╕в р╕Хр╣Йр╕нр╕Зр╕Ър╕нр╕Бр╕Хр╣Ир╕н..!!!');

-- 4. Insert Product Sizes (р╕кр╕│р╕лр╕гр╕▒р╕Ър╕кр╕┤р╕Щр╕Др╣Йр╕▓р╕Чр╕╡р╣Ир╕бр╕╡р╕лр╕ер╕▓р╕вр╕Вр╕Щр╕▓р╕Ф)
INSERT INTO product_sizes (product_id, size) VALUES
('3', '500g'),
('3', '1kg'),
('4', '500g'),
('4', '1kg');

-- 5. Verify data
SELECT 'Categories count:' as info, COUNT(*) as count FROM categories
UNION ALL
SELECT 'Products count:', COUNT(*) FROM products
UNION ALL
SELECT 'Product variants count:', COUNT(*) FROM product_variants
UNION ALL
SELECT 'Product sizes count:', COUNT(*) FROM product_sizes;
